Time (s); Distance (mm); Speed (mm/s); Z-Angle (mdps); Distance corrected (mm); Target Speed; PWM Value
0.00091; 0.00000; 0.00000; -105.87500; 0.00000; 1000.00000;   450
0.04195; 10.99557; 757.42746; 0.77747; 10.99557; 1000.00000;   217
0.07972; 21.99115; 293.21532; 3.67648; 21.99115; 1000.00000;   506
0.10521; 32.98672; 428.86128; 4.35805; 32.98672; 1000.00000;   485
0.12419; 43.98230; 581.40728; 6.16435; 43.98230; 1000.00000;   458
0.14172; 54.97787; 620.72792; 9.38958; 54.97787; 1000.00000;   438
0.15853; 65.97345; 661.18908; 8.88778; 65.97345; 1000.00000;   404
0.17461; 76.96902; 679.53615; 10.99776; 76.96902; 1000.00000;   394
